,hir,STATION,TRAFFIC,0,1,WEEK_RATIO
48,14930.0,96 ST,409.0,236.0,531.0,2.25
49,14680.0,81 ST-MUSEUM,336.5,124.5,534.0,4.289156626506024
92,11800.0,72 ST-2 AVE,433.0,195.0,614.0,3.1487179487179486
93,11640.0,86 ST-2 AVE,339.0,193.5,427.0,2.20671834625323
103,17230.0,66 ST-LINCOLN,346.0,201.0,417.0,2.074626865671642
150,14050.0,CLARK ST,342.0,6.5,347.5,53.46153846153846
