,hir,STATION,0_x,1_x,WEEK_RATIO_x,TRAFFIC,0_y,1_y,WEEK_RATIO_y,0,1,WEEK_RATIO
0,10610.0,59 ST,160.0,333.0,2.08125,119250.5,160.0,333.0,2.08125,57064.0,124456.5,2.1809985279685966
18,14050.0,BOROUGH HALL,99.0,277.5,2.803030303030303,60754.5,99.0,277.5,2.803030303030303,22689.5,62748.0,2.765508274752639
19,14050.0,JAY ST-METROTEC,108.0,249.0,2.305555555555556,63986.5,108.0,249.0,2.305555555555556,25543.5,65474.5,2.563254839783115
67,10610.0,5 AV/53 ST,131.5,372.0,2.828897338403042,55188.0,131.5,372.0,2.828897338403042,16347.0,57090.0,3.4923839236557166
92,11800.0,72 ST-2 AVE,195.0,614.0,3.1487179487179486,57152.5,195.0,614.0,3.1487179487179486,23858.0,58849.0,2.4666359292480506
